/vagrant/images/example-1/MasksResults/IMG_0001.png,1,500
/vagrant/images/example-1/MasksResults/IMG_0002.png,1,500
/vagrant/images/example-1/MasksResults/IMG_0003.png,1,500
/vagrant/images/example-1/MasksResults/IMG_0004.png,1,500
/vagrant/images/example-1/MasksResults/IMG_0005.png,1,500
/vagrant/images/example-1/MasksResults/IMG_0006.png,1,500
/vagrant/images/example-1/MasksResults/IMG_0007.png,1,500
/vagrant/images/example-1/MasksResults/IMG_0008.png,1,500
/vagrant/images/example-1/MasksResults/IMG_0009.png,1,500
/vagrant/images/example-1/MasksResults/IMG_0010.png,1,500
/vagrant/images/example-1/MasksResults/IMG_0011.png,1,500
/vagrant/images/example-1/MasksResults/IMG_0012.png,1,500
/vagrant/images/example-1/MasksResults/IMG_0013.png,1,500
/vagrant/images/example-1/MasksResults/IMG_0014.png,1,500
/vagrant/images/example-1/MasksResults/IMG_0015.png,1,500
/vagrant/images/example-1/MasksResults/IMG_0016.png,1,500
/vagrant/images/example-1/MasksResults/IMG_0017.png,1,500
/vagrant/images/example-1/MasksResults/IMG_0018.png,1,500
/vagrant/images/example-1/MasksResults/IMG_0019.png,1,500
/vagrant/images/example-1/MasksResults/IMG_0020.png,1,500
/vagrant/images/example-1/MasksResults/IMG_0021.png,1,500
/vagrant/images/example-1/MasksResults/IMG_0022.png,1,500
/vagrant/images/example-1/MasksResults/IMG_0023.png,1,500
/vagrant/images/example-1/MasksResults/IMG_0024.png,1,500
/vagrant/images/example-1/MasksResults/IMG_0025.png,1,500
/vagrant/images/example-1/MasksResults/IMG_0026.png,1,500
/vagrant/images/example-1/MasksResults/IMG_0027.png,1,500
/vagrant/images/example-1/MasksResults/IMG_0028.png,1,500
/vagrant/images/example-1/MasksResults/IMG_0029.png,1,500
